Pfad,Kategorie,Hinweis
de/README.md,AI 4 UNK,unk_category
de/ai4_unk/30_day_project_management_course.md,AI 4 UNK,unk_category
de/ai4_unk/AI Automation Guide.md,AI 4 UNK,unk_category
de/ai4_unk/AI Innovation Center Development.md,AI 4 UNK,unk_category
de/ai4_unk/Bird And Insect Identification Course.md,AI 4 UNK,unk_category
de/ai4_unk/Book Finding Challenges.md,AI 4 UNK,unk_category
de/ai4_unk/BrandingGuide.md,AI 4 UNK,unk_category
de/ai4_unk/BullyingStatistics.md,AI 4 UNK,unk_category
de/ai4_unk/CanvaIntegration.md,AI 4 UNK,unk_category
de/ai4_unk/Connect Chapters Cohesively.md,AI 4 UNK,unk_category
de/ai4_unk/Create Book Idea.md,AI 4 UNK,unk_category
de/ai4_unk/Create Financial Literacy Course.md,AI 4 UNK,unk_category
de/ai4_unk/Create Lead Magnet.md,AI 4 UNK,unk_category
de/ai4_unk/Create Presentation Deck.md,AI 4 UNK,unk_category
de/ai4_unk/Create Travel Guidebook.md,AI 4 UNK,unk_category
de/ai4_unk/CreateGrantProposal.md,AI 4 UNK,unk_category
de/ai4_unk/DocumentOrganizationApp.md,AI 4 UNK,unk_category
de/ai4_unk/Employee Satisfaction Survey.md,AI 4 UNK,unk_category
de/ai4_unk/ExecutiveAssistantEfficiencyGuide.md,AI 4 UNK,unk_category
de/ai4_unk/FoundationalNutritionFitnessCourse.md,AI 4 UNK,unk_category
de/ai4_unk/GenerationalDifferencesMasterclass.md,AI 4 UNK,unk_category
de/ai4_unk/HalloweenBookIdeas.md,AI 4 UNK,unk_category
de/ai4_unk/Home Improvement Promotion.md,AI 4 UNK,unk_category
de/ai4_unk/Internal Audit Program Template.md,AI 4 UNK,unk_category
de/ai4_unk/Luxury Hospitality Training.md,AI 4 UNK,unk_category
de/ai4_unk/Marcus Garvey Influence on Reggae.md,AI 4 UNK,unk_category
de/ai4_unk/Nutrition And Fitness Course.md,AI 4 UNK,unk_category
de/ai4_unk/Presentation Outline.md,AI 4 UNK,unk_category
de/ai4_unk/ReviewIctPolicies.md,AI 4 UNK,unk_category
de/ai4_unk/Rise With SAP Overview.md,AI 4 UNK,unk_category
de/ai4_unk/Scholarship Personal Statement.md,AI 4 UNK,unk_category
de/ai4_unk/Self Improvement Strategies.md,AI 4 UNK,unk_category
de/ai4_unk/Setting Up TikTok Shop.md,AI 4 UNK,unk_category
de/ai4_unk/Stock And Options Trading Guide.md,AI 4 UNK,unk_category
de/ai4_unk/WhatsApp Patient Response.md,AI 4 UNK,unk_category
de/ai4_unk/achieving_banking_goals.md,AI 4 UNK,unk_category
de/ai4_unk/achieving_spotify_success_playbook.md,AI 4 UNK,unk_category
de/ai4_unk/adhd_accountability_buddy.md,AI 4 UNK,unk_category
de/ai4_karriere/Career Transition Guide.md,AI 4 UNK,machine_translation
de/ai4_kreativitaet/Transformers_Coloring_Book.md,AI 4 UNK,machine_translation
de/ai4_kreativitaet/Create Coloring Book Ideas.md,AI 4 UNK,machine_translation
de/ai4_engineering/AI Database Management Guide.md,AI 4 UNK,machine_translation
de/ai4_unk/Nutrition And Fitness Course.md,AI 4 UNK,machine_translation
de/ai4_unk/DocumentOrganizationApp.md,AI 4 UNK,machine_translation
de/ai4_unk/Create Presentation Deck.md,AI 4 UNK,machine_translation
de/ai4_unk/adhd_accountability_buddy.md,AI 4 UNK,machine_translation
de/ai4_unk/Rise With SAP Overview.md,AI 4 UNK,machine_translation
de/ai4_unk/Connect Chapters Cohesively.md,AI 4 UNK,machine_translation
de/ai4_unk/Luxury Hospitality Training.md,AI 4 UNK,machine_translation
de/ai4_unk/AI Innovation Center Development.md,AI 4 UNK,machine_translation
de/ai4_unk/Home Improvement Promotion.md,AI 4 UNK,machine_translation
de/ai4_unk/CanvaIntegration.md,AI 4 UNK,machine_translation
de/ai4_unk/Self Improvement Strategies.md,AI 4 UNK,machine_translation
de/ai4_unk/ReviewIctPolicies.md,AI 4 UNK,machine_translation
de/ai4_unk/achieving_spotify_success_playbook.md,AI 4 UNK,machine_translation
de/ai4_unk/ExecutiveAssistantEfficiencyGuide.md,AI 4 UNK,machine_translation
de/ai4_unk/achieving_banking_goals.md,AI 4 UNK,machine_translation
de/ai4_unk/Bird And Insect Identification Course.md,AI 4 UNK,machine_translation
de/ai4_unk/Stock And Options Trading Guide.md,AI 4 UNK,machine_translation
de/ai4_unk/Presentation Outline.md,AI 4 UNK,machine_translation
de/ai4_unk/CreateGrantProposal.md,AI 4 UNK,machine_translation
de/ai4_unk/30_day_project_management_course.md,AI 4 UNK,machine_translation
de/ai4_unk/GenerationalDifferencesMasterclass.md,AI 4 UNK,machine_translation
de/ai4_unk/Create Lead Magnet.md,AI 4 UNK,machine_translation
de/ai4_unk/BullyingStatistics.md,AI 4 UNK,machine_translation
de/ai4_unk/BrandingGuide.md,AI 4 UNK,machine_translation
de/ai4_unk/HalloweenBookIdeas.md,AI 4 UNK,machine_translation
de/ai4_unk/Employee Satisfaction Survey.md,AI 4 UNK,machine_translation
de/ai4_unk/Marcus Garvey Influence on Reggae.md,AI 4 UNK,machine_translation
de/ai4_unk/Create Travel Guidebook.md,AI 4 UNK,machine_translation
de/ai4_unk/Setting Up TikTok Shop.md,AI 4 UNK,machine_translation
de/ai4_unk/Internal Audit Program Template.md,AI 4 UNK,machine_translation
de/ai4_unk/WhatsApp Patient Response.md,AI 4 UNK,machine_translation
de/ai4_unk/AI Automation Guide.md,AI 4 UNK,machine_translation
de/ai4_unk/Book Finding Challenges.md,AI 4 UNK,machine_translation
de/ai4_unk/Scholarship Personal Statement.md,AI 4 UNK,machine_translation
de/ai4_unk/FoundationalNutritionFitnessCourse.md,AI 4 UNK,machine_translation
de/ai4_unk/Create Book Idea.md,AI 4 UNK,machine_translation
de/ai4_unk/Create Financial Literacy Course.md,AI 4 UNK,machine_translation
de/ai4_entrepreneurship/Funding High School Track.md,AI 4 UNK,machine_translation
de/ai4_entrepreneurship/Pest Control Business Strategy.md,AI 4 UNK,machine_translation
de/ai4_entrepreneurship/Create SaaS Sales Proposal.md,AI 4 UNK,machine_translation
de/ai4_entrepreneurship/Fitness Training Plan.md,AI 4 UNK,machine_translation
de/ai4_entrepreneurship/Funding Strategies.md,AI 4 UNK,machine_translation
de/ai4_entrepreneurship/InstagramAIReelsStrategy.md,AI 4 UNK,machine_translation
de/ai4_entrepreneurship/StrategicPlanDrafting.md,AI 4 UNK,machine_translation
de/ai4_entrepreneurship/Professional Development Plan.md,AI 4 UNK,machine_translation
de/ai4_entrepreneurship/BrandReputationStrategy.md,AI 4 UNK,machine_translation
de/ai4_entrepreneurship/Sales Workflow Guide.md,AI 4 UNK,machine_translation
de/ai4_entrepreneurship/Business Development Strategy.md,AI 4 UNK,machine_translation
de/ai4_entrepreneurship/Create Investment Plan.md,AI 4 UNK,machine_translation
de/ai4_entrepreneurship/Instagram Growth Strategy.md,AI 4 UNK,machine_translation
de/ai4_content/DocumentaryScriptOutline.md,AI 4 UNK,machine_translation
de/ai4_content/Create Facebook Post.md,AI 4 UNK,machine_translation
de/ai4_content/accounting_business_website_content.md,AI 4 UNK,machine_translation
de/ai4_content/Social Media Campaign for Personal Trainer.md,AI 4 UNK,machine_translation
de/ai4_content/Health And Wellness Content.md,AI 4 UNK,machine_translation
de/ai4_content/Social Media Content Ideas.md,AI 4 UNK,machine_translation
de/ai4_content/Comic Book Writing Guide.md,AI 4 UNK,machine_translation
de/ai4_content/Create Ebook Marketing Strategy.md,AI 4 UNK,machine_translation
de/ai4_content/Social Media Strategy.md,AI 4 UNK,machine_translation
de/ai4_content/Create Pinterest Pin Content Strategy.md,AI 4 UNK,machine_translation
de/ai4_content/Marketing Content Strategies.md,AI 4 UNK,machine_translation
de/ai4_content/Viral Content Strategy.md,AI 4 UNK,machine_translation
de/ai4_content/Digital Marketing Daily Method.md,AI 4 UNK,machine_translation
de/ai4_schule/Early Childhood Curriculum.md,AI 4 UNK,machine_translation
de/ai4_schule/GRE_Study_Guide.md,AI 4 UNK,machine_translation
de/ai4_schule/NursingStudyGuide.md,AI 4 UNK,machine_translation
de/ai4_produkt/AI_Product_Guide.md,AI 4 UNK,machine_translation
de/ai4_textanalyse/Create M&A Analysis.md,AI 4 UNK,machine_translation
de/ai4_legal/Government Contract Opportunities.md,AI 4 UNK,machine_translation
de/ai4_legal/Supported Living Policy.md,AI 4 UNK,machine_translation
de/ai4_promptops/Dream Life Prompt.md,AI 4 UNK,machine_translation
